id,code,name,currency_id,account_type,reconcile,name@es
account_account_template_1_10_01_01_01,1.10.01.01.01,Caja Chica 1,,asset_cash,,Caja Chica 1
account_account_template_1_10_01_01_02,1.10.01.01.02,Caja Chica 2,,asset_cash,,Caja Chica 2
account_account_template_1_10_01_03_01,1.10.01.03.01,Institución financiera 1,,asset_current,,Institución financiera 1
account_account_template_1_10_01_03_02,1.10.01.03.02,Institución financiera 2,,asset_current,,Institución financiera 2
account_account_template_1_10_01_03_03,1.10.01.03.03,Institución financiera 3,,asset_current,,Institución financiera 3
account_account_template_1_10_01_03_04,1.10.01.03.04,Institución financiera 4,,asset_current,,Institución financiera 4
account_account_template_0_account_receivable,1.10.02.01.01,Cuentas por Cobrar Clientes,,asset_receivable,1,Cuentas por Cobrar Clientes
account_account_template_1_10_02_01_02,1.10.02.01.02,Cuententas por Cobrar Canjes ,,asset_receivable,1,Cuententas por Cobrar Canjes 
account_account_template_1_10_02_01_03,1.10.02.01.03,Estimación Cuentas Dudosas,,asset_receivable,1,Estimación Cuentas Dudosas
account_account_template_1_10_02_02_01,1.10.02.02.01,Anticipos para Gastos,,asset_receivable,1,Anticipos para Gastos
account_account_template_1_10_02_02_02,1.10.02.02.02,Tarjeta de Crédito por Liquidar,,asset_receivable,1,Tarjeta de Crédito por Liquidar
account_account_template_1_10_02_03_01,1.10.02.03.01,Operadora de Tarjeta de Crédito,,asset_receivable,1,Operadora de Tarjeta de Crédito
account_account_template_1_10_02_03_02,1.10.02.03.02,Terceros,,asset_receivable,1,Terceros
account_account_template_1_10_02_04_01_01,1.10.02.04.01.01," IVA Soportado 0,40%",,asset_current,," IVA Soportado 0,40%"
account_account_template_1_10_02_04_01_02,1.10.02.04.01.02, IVA Soportado 1%,,asset_current,, IVA Soportado 1%
account_account_template_1_10_02_04_01_03,1.10.02.04.01.03, IVA Soportado 2%,,asset_current,, IVA Soportado 2%
account_account_template_1_10_02_04_01_04,1.10.02.04.01.04, IVA Soportado 4%,,asset_current,, IVA Soportado 4%
account_account_template_1_10_02_04_01_05,1.10.02.04.01.05, IVA Soportado 8%,,asset_current,, IVA Soportado 8%
account_account_template_1_10_02_04_01_06,1.10.02.04.01.06, IVA Soportado 13%,,asset_current,, IVA Soportado 13%
account_account_template_1_10_02_04_01_07,1.10.02.04.01.07,Retenciones IVA datáfonos,,asset_current,,Retenciones IVA datáfonos
account_account_template_1_10_02_04_02_01,1.10.02.04.02.01,Adelantos de Renta,,asset_current,,Adelantos de Renta
account_account_template_1_10_02_04_02_02,1.10.02.04.02.02,Créditos Fiscales,,asset_current,,Créditos Fiscales
account_account_template_1_10_02_04_02_03,1.10.02.04.02.03,Retenciones del 2%,,asset_current,,Retenciones del 2%
account_account_template_1_10_02_04_02_04,1.10.02.04.02.04,Retenciones Renta datáfonos,,asset_current,,Retenciones Renta datáfonos
account_account_template_1_10_02_04_03,1.10.02.04.03,Créditos Fiscales Pérdidas Periodos Anteriores,,asset_current,,Créditos Fiscales Pérdidas Periodos Anteriores
account_account_template_1_10_02_04_04,1.10.02.04.04,Impuesto de Renta Diferido,,asset_current,,Impuesto de Renta Diferido
account_account_template_1_10_02_05,1.10.02.05,Cuentas por Cobrar Relacionadas,,asset_receivable,1,Cuentas por Cobrar Relacionadas
account_account_template_1_10_02_06,1.10.02.06,Cuentas por Cobrar a Socios,,asset_receivable,1,Cuentas por Cobrar a Socios
account_account_template_1_10_02_07_01,1.10.02.07.01,Adelanto a Proveedores,,asset_prepayments,,Adelanto a Proveedores
account_account_template_1_10_02_07_02,1.10.02.07.02,Derechos de Transmisión - Enlatados,,asset_prepayments,,Derechos de Transmisión - Enlatados
account_account_template_1_10_02_07_03,1.10.02.07.03,Derechos de Transmisión - Deportes Nacionales,,asset_prepayments,,Derechos de Transmisión - Deportes Nacionales
account_account_template_1_10_02_07_04,1.10.02.07.04,Derechos de Transmisión - Deportes Internacionales,,asset_prepayments,,Derechos de Transmisión - Deportes Internacionales
account_account_template_1_10_02_08,1.10.02.08,Derechos de Uso Corto Plazo - NIIF 16,,asset_prepayments,,Derechos de Uso Corto Plazo - NIIF 16
account_account_template_1_10_03_01,1.10.03.01,Suministros en General,,asset_current,,Suministros en General
account_account_template_1_10_03_02,1.10.03.02,Deterioro Valor del Inventario,,asset_current,,Deterioro Valor del Inventario
account_account_template_1_10_03_03,1.10.03.03,Repuestos Taller,,asset_current,,Repuestos Taller
account_account_template_1_10_03_04,1.10.03.04,Tienda,,asset_current,,Tienda
account_account_template_1_10_04_01,1.10.04.01,Inventario Productos y Mat. en Tránsito - Importaciones,,asset_current,,Inventario Productos y Mat. en Tránsito - Importaciones
account_account_template_1_10_04_02,1.10.04.02,Inventario Productos a Exhibir  en Tránsito - Canal 7,,asset_current,,Inventario Productos a Exhibir  en Tránsito - Canal 7
account_account_template_1_10_05_01,1.10.05.01,Proyectos,,asset_current,,Proyectos
account_account_template_1_10_06_01_01,1.10.06.01.01,Póliza Riesgos del Trabajo,,asset_prepayments,,Póliza Riesgos del Trabajo
account_account_template_1_10_06_01_02,1.10.06.01.02,Incendio,,asset_prepayments,,Incendio
account_account_template_1_10_06_01_03,1.10.06.01.03,Robo,,asset_prepayments,,Robo
account_account_template_1_10_06_01_04,1.10.06.01.04,Responsabilidad Civil,,asset_prepayments,,Responsabilidad Civil
account_account_template_1_10_06_02_01,1.10.06.02.01,Patente Comercial,,asset_prepayments,,Patente Comercial
account_account_template_1_10_06_02_02,1.10.06.02.02,Impuestos Municipales,,asset_prepayments,,Impuestos Municipales
account_account_template_1_10_06_02_03,1.10.06.02.03,Rótulos,,asset_prepayments,,Rótulos
account_account_template_1_10_06_02_04,1.10.06.02.04,Bienes Inmuebles,,asset_prepayments,,Bienes Inmuebles
account_account_template_1_10_06_03_01,1.10.06.03.01,Licenciamiento,,asset_prepayments,,Licenciamiento
account_account_template_1_10_06_03_02,1.10.06.03.02,Mantenimiento de Equipo,,asset_prepayments,,Mantenimiento de Equipo
account_account_template_1_10_06_03_03,1.10.06.03.03,Alquileres Pagados por Adelantado,,asset_prepayments,,Alquileres Pagados por Adelantado
account_account_template_1_10_06_03_04,1.10.06.03.04,Derechos de Circulac.e Impuestos (Vehic / Aeronaves),,asset_prepayments,,Derechos de Circulac.e Impuestos (Vehic / Aeronaves)
account_account_template_1_10_06_03_05,1.10.06.03.05,"Suscripciones, Ferias y Eventos",,asset_prepayments,,"Suscripciones, Ferias y Eventos"
account_account_template_1_10_06_03_06,1.10.06.03.06,Producción Programas ,,asset_prepayments,,Producción Programas 
account_account_template_1_10_07,1.10.07,Documentos por Cobrar,,asset_receivable,1,Documentos por Cobrar
account_account_template_1_20_01_01,1.20.01.01,Terrenos – Costo,,asset_non_current,,Terrenos – Costo
account_account_template_1_20_01_02,1.20.01.02,Depreciación Acumulada – Terrenos,,asset_non_current,,Depreciación Acumulada – Terrenos
account_account_template_1_20_02_01,1.20.02.01,Edificios - Costo,,asset_non_current,,Edificios - Costo
account_account_template_1_20_02_02,1.20.02.02,Depreciación Acumulada - Edificios,,asset_non_current,,Depreciación Acumulada - Edificios
account_account_template_1_20_03_01,1.20.03.01,Red e Infraestructura - Costo,,asset_non_current,,Red e Infraestructura - Costo
account_account_template_1_20_03_02,1.20.03.02,Depreciación Acumulada - Red e Infraestructura,,asset_non_current,,Depreciación Acumulada - Red e Infraestructura
account_account_template_1_20_04_01,1.20.04.01,Equipo Electrónico - Costo,,asset_non_current,,Equipo Electrónico - Costo
account_account_template_1_20_04_02,1.20.04.02,Depreciación Acumulada - Equipo Electrónico,,asset_non_current,,Depreciación Acumulada - Equipo Electrónico
account_account_template_1_20_05_01,1.20.05.01,Maquinaria - Costo,,asset_non_current,,Maquinaria - Costo
account_account_template_1_20_05_02,1.20.05.02,Depreciación Acumulada - Maquinaria,,asset_non_current,,Depreciación Acumulada - Maquinaria
account_account_template_1_20_06_01,1.20.06.01,Mobiliario y Equipo - Costo,,asset_non_current,,Mobiliario y Equipo - Costo
account_account_template_1_20_06_02,1.20.06.02,Depreciación Acumulada - Mobiliario y Equipo,,asset_non_current,,Depreciación Acumulada - Mobiliario y Equipo
account_account_template_1_20_07_01,1.20.07.01,Vehículos - Costo,,asset_non_current,,Vehículos - Costo
account_account_template_1_20_07_02,1.20.07.02,Depreciación Acumulada - Vehículos,,asset_non_current,,Depreciación Acumulada - Vehículos
account_account_template_1_20_08_01,1.20.08.01,Equipo y Herramientas - Costo,,asset_non_current,,Equipo y Herramientas - Costo
account_account_template_1_20_08_02,1.20.08.02,Depreciación Acumulada - Equipo y Herramientas,,asset_non_current,,Depreciación Acumulada - Equipo y Herramientas
account_account_template_1_20_09_01,1.20.09.01,Mejoras a Propiedad Arrendada - Costo,,asset_non_current,,Mejoras a Propiedad Arrendada - Costo
account_account_template_1_20_09_02,1.20.09.02,Depreciación Acumulada - Mejoras a Propiedad Arrendada,,asset_non_current,,Depreciación Acumulada - Mejoras a Propiedad Arrendada
account_account_template_1_20_10_01,1.20.10.01,Equipo Audiovisual – Costo,,asset_non_current,,Equipo Audiovisual – Costo
account_account_template_1_20_10_02,1.20.10.02,Depreciación Acumulada - Equipo Audiovisual,,asset_non_current,,Depreciación Acumulada - Equipo Audiovisual
account_account_template_1_20_11_01,1.20.11.01,Equipo Informático – Costo,,asset_non_current,,Equipo Informático – Costo
account_account_template_1_20_11_02,1.20.11.02,Depreciación Acumulada - Equipo Informático,,asset_non_current,,Depreciación Acumulada - Equipo Informático
account_account_template_1_20_12_01,1.20.12.01,Aviones – Costo,,asset_non_current,,Aviones – Costo
account_account_template_1_20_12_02,1.20.12.02,Depreciación Acumulada - Aviones,,asset_non_current,,Depreciación Acumulada - Aviones
account_account_template_1_30_01,1.30.01,Activo por Derecho de Uso,,asset_non_current,,Activo por Derecho de Uso
account_account_template_1_30_02,1.30.02,Deprec Acumulada - Activo Derecho de Uso,,asset_non_current,,Deprec Acumulada - Activo Derecho de Uso
account_account_template_1_40_01,1.40.01,Propiedades de Inversión (Costo),,asset_non_current,,Propiedades de Inversión (Costo)
account_account_template_1_40_02,1.40.02,Propiedades de Inversión (deprec acumulada),,asset_non_current,,Propiedades de Inversión (deprec acumulada)
account_account_template_1_40_03,1.40.03,Deterioro Propiedades de Inversión,,asset_non_current,,Deterioro Propiedades de Inversión
account_account_template_1_50_01_01,1.50.01.01,Software y Licencias,,asset_non_current,,Software y Licencias
account_account_template_1_50_01_02,1.50.01.02,Software y Licencias - Amortización,,asset_non_current,,Software y Licencias - Amortización
account_account_template_1_60_01_01,1.60.01.01,Inmobiliario,,asset_non_current,,Inmobiliario
account_account_template_1_60_02_01,1.60.02.01,Inversión en Acciones,,asset_non_current,,Inversión en Acciones
account_account_template_0_account_payable,2.10.01.01.01,Cuentas por Pagar - Proveedores,,liability_payable,1,Cuentas por Pagar - Proveedores
account_account_template_2_10_01_01_02,2.10.01.01.02,Cuentas por Pagar - Canjes,,liability_payable,1,Cuentas por Pagar - Canjes
account_account_template_2_10_01_02,2.10.01.02,Cuentas por Pagar Relacionadas,,liability_payable,1,Cuentas por Pagar Relacionadas
account_account_template_2_10_01_03,2.10.01.03,Cuentas por Pagar a Socios,,liability_payable,1,Cuentas por Pagar a Socios
account_account_template_2_10_01_04_01,2.10.01.04.01,Adelantos de Clientes - Corto Plazo,,liability_payable,1,Adelantos de Clientes - Corto Plazo
account_account_template_2_10_01_04_02,2.10.01.04.02,Premiaciones,,liability_payable,1,Premiaciones
account_account_template_2_10_01_04_03,2.10.01.04.03,Gastos No Reclamados,,liability_payable,1,Gastos No Reclamados
account_account_template_2_10_01_05_01_01,2.10.01.05.01.01,C.C.S.S,,liability_payable,1,C.C.S.S
account_account_template_2_10_01_05_01_02,2.10.01.05.01.02,Banco Popular,,liability_payable,1,Banco Popular
account_account_template_2_10_01_05_01_03,2.10.01.05.01.03,Otras Instituciones,,liability_payable,1,Otras Instituciones
account_account_template_2_10_01_05_02_01,2.10.01.05.02.01,C.C.S.S,,liability_payable,1,C.C.S.S
account_account_template_2_10_01_05_02_02,2.10.01.05.02.02,Banco Popular,,liability_payable,1,Banco Popular
account_account_template_2_10_01_05_02_03,2.10.01.05.02.03,Impuesto de Renta al Salario,,liability_payable,1,Impuesto de Renta al Salario
account_account_template_2_10_01_05_02_04,2.10.01.05.02.04,Asoteletica Ahorro,,liability_payable,1,Asoteletica Ahorro
account_account_template_2_10_01_05_02_05,2.10.01.05.02.05,Asoteletica Préstamos,,liability_payable,1,Asoteletica Préstamos
account_account_template_2_10_01_05_02_06,2.10.01.05.02.06,INVU,,liability_payable,1,INVU
account_account_template_2_10_01_05_02_07,2.10.01.05.02.07,Pólizas de Vida,,liability_payable,1,Pólizas de Vida
account_account_template_2_10_01_05_02_08,2.10.01.05.02.08,Pensión Complementaria,,liability_payable,1,Pensión Complementaria
account_account_template_2_10_01_05_02_09,2.10.01.05.02.09,Pensión Alimentaria,,liability_payable,1,Pensión Alimentaria
account_account_template_2_10_01_05_02_10,2.10.01.05.02.10,Embargos,,liability_payable,1,Embargos
account_account_template_2_10_01_05_02_11,2.10.01.05.02.11,Colegio Contadores,,liability_payable,1,Colegio Contadores
account_account_template_2_10_01_05_02_12,2.10.01.05.02.12,Servicio Internet,,liability_payable,1,Servicio Internet
account_account_template_2_10_01_05_02_13,2.10.01.05.02.13,Plan Colectivo de Pensiones,,liability_payable,1,Plan Colectivo de Pensiones
account_account_template_2_10_01_05_02_14,2.10.01.05.02.14,Plan Complementario Pensiones,,liability_payable,1,Plan Complementario Pensiones
account_account_template_2_10_01_05_02_15,2.10.01.05.02.15,Coocique,,liability_payable,1,Coocique
account_account_template_2_10_01_05_02_16,2.10.01.05.02.16,Donaciones,,liability_payable,1,Donaciones
account_account_template_2_10_01_05_02_17,2.10.01.05.02.17,Club de Ciclismo,,liability_payable,1,Club de Ciclismo
account_account_template_2_10_01_05_02_18,2.10.01.05.02.18,Club Senderismo,,liability_payable,1,Club Senderismo
account_account_template_2_10_01_05_02_19,2.10.01.05.02.19,Club Atletismo Teletica,,liability_payable,1,Club Atletismo Teletica
account_account_template_2_10_01_05_02_20,2.10.01.05.02.20,MultiSpa,,liability_payable,1,MultiSpa
account_account_template_2_10_01_05_02_21,2.10.01.05.02.21,Bancos??? Préstamos personales,,liability_payable,1,Bancos??? Préstamos personales
account_account_template_2_10_01_06_01,2.10.01.06.01,Vacaciones,,liability_payable,1,Vacaciones
account_account_template_2_10_01_06_02,2.10.01.06.02,Aguinaldo,,liability_payable,1,Aguinaldo
account_account_template_2_10_01_06_03,2.10.01.06.03,Cesantia,,liability_payable,1,Cesantia
account_account_template_2_10_01_06_04,2.10.01.06.04,Proveedores,,liability_payable,1,Proveedores
account_account_template_2_10_01_07_01,2.10.01.07.01,Dietas,,liability_payable,1,Dietas
account_account_template_2_10_01_07_02,2.10.01.07.02,Dividendos,,liability_payable,1,Dividendos
account_account_template_2_10_01_07_03,2.10.01.07.03,Remesas al Exterior,,liability_payable,1,Remesas al Exterior
account_account_template_2_10_01_07_04,2.10.01.07.04,Colegio Periodistas,,liability_payable,1,Colegio Periodistas
account_account_template_2_10_01_08_01,2.10.01.08.01,Planilla por Pagar,,liability_payable,1,Planilla por Pagar
account_account_template_2_10_01_08_02,2.10.01.08.02,Comisiones a Publicistas,,liability_payable,1,Comisiones a Publicistas
account_account_template_2_10_01_08_03,2.10.01.08.03,Dividendos,,liability_payable,1,Dividendos
account_account_template_2_10_01_08_04,2.10.01.08.04,Intereses,,liability_payable,1,Intereses
account_account_template_2_10_01_09_01_01,2.10.01.09.01.01,IVA Repercutido 1%,,liability_payable,1,IVA Repercutido 1%
account_account_template_2_10_01_09_01_02,2.10.01.09.01.02,IVA Repercutido 2%,,liability_payable,1,IVA Repercutido 2%
account_account_template_2_10_01_09_01_03,2.10.01.09.01.03,IVA Repercutido 4%,,liability_payable,1,IVA Repercutido 4%
account_account_template_2_10_01_09_01_04,2.10.01.09.01.04,IVA Repercutido 8%,,liability_payable,1,IVA Repercutido 8%
account_account_template_0_iva_payable,2.10.01.09.01.05,IVA Repercutido 13%,,liability_payable,1,IVA Repercutido 13%
account_account_template_2_10_01_09_01_06,2.10.01.09.01.06,"IVA Repercutido 0,40%",,liability_payable,1,"IVA Repercutido 0,40%"
account_account_template_2_10_01_09_02_01,2.10.01.09.02.01,Impuesto Sobre la Renta,,liability_current,,Impuesto Sobre la Renta
account_account_template_2_10_01_10_01_01,2.10.01.10.01.01,Operación 1,,liability_current,,Operación 1
account_account_template_2_10_01_10_01_02,2.10.01.10.01.02,Operación 2,,liability_current,,Operación 2
account_account_template_2_10_01_10_01_03,2.10.01.10.01.03,Operación 3,,liability_current,,Operación 3
account_account_template_2_10_01_11_01,2.10.01.11.01,Inmobiliaria,,liability_current,,Inmobiliaria
account_account_template_2_10_01_12_01,2.10.01.12.01,Productos Diferidos - Pautas,,liability_current,,Productos Diferidos - Pautas
account_account_template_2_10_01_12_02,2.10.01.12.02,Productos Diferidos - Suscripciones,,liability_current,,Productos Diferidos - Suscripciones
account_account_template_2_10_01_13_01,2.10.01.13.01,Pasivo Derechos Sobre Arrendamientos,,liability_current,,Pasivo Derechos Sobre Arrendamientos
account_account_template_2_10_01_14_01,2.10.01.14.01,Derechos de Transmisión - Deportes,,liability_current,,Derechos de Transmisión - Deportes
account_account_template_2_20_01_01,2.20.01.01,Pasivo Derechos Sobre Arrendamientos LP,,liability_non_current,,Pasivo Derechos Sobre Arrendamientos LP
account_account_template_2_20_02_01,2.20.02.01,Derechos de Transmisión - Deportes,,liability_non_current,,Derechos de Transmisión - Deportes
account_account_template_2_20_03_01_01,2.20.03.01.01,OPERACIÓN 1,,liability_non_current,,OPERACIÓN 1
account_account_template_2_20_03_01_02,2.20.03.01.02,OPERACIÓN 2,,liability_non_current,,OPERACIÓN 2
account_account_template_2_20_03_01_03,2.20.03.01.03,OPERACIÓN 3,,liability_non_current,,OPERACIÓN 3
account_account_template_2_20_03_02_01,2.20.03.02.01,OPERACIÓN 1,,liability_non_current,,OPERACIÓN 1
account_account_template_2_20_03_02_02,2.20.03.02.02,OPERACIÓN 2,,liability_non_current,,OPERACIÓN 2
account_account_template_2_20_03_02_03,2.20.03.02.03,OPERACIÓN 3,,liability_non_current,,OPERACIÓN 3
account_account_template_2_20_04_01,2.20.04.01,THC,,liability_non_current,,THC
account_account_template_3_10_01,3.10.01,Capital Acciones,,equity,,Capital Acciones
account_account_template_3_10_02,3.10.02,Capital Adicional Pagado,,equity,,Capital Adicional Pagado
account_account_template_3_20,3.20,Reserva para Contingencias,,equity,,Reserva para Contingencias
account_account_template_3_30,3.30,Reserva Legal,,equity,,Reserva Legal
account_account_template_3_40,3.40,Superávit por Revaluación,,equity,,Superávit por Revaluación
account_account_template_3_50,3.50,Utilidades No Distribuidas,,equity,,Utilidades No Distribuidas
account_account_template_3_60,3.60,Perdidas y Ganancias ,,equity_unaffected,,Perdidas y Ganancias 
account_account_template_3_70,3.70,Inicialización de Saldos ,,equity,,Inicialización de Saldos 
account_account_template_3_80,3.80,Perdida y  Ganancia por Fusión ,,equity,,Perdida y  Ganancia por Fusión 
account_account_template_4_10,4.10,Ventas Publicidad ,,income,,Ventas Publicidad 
account_account_template_0_account_income_categ,4.15,Venta Espacios de  Publicidad,,income,,Venta Espacios de  Publicidad
account_account_template_4_20_01,4.20.01,Cuñas y  Menciones- TV,,income,,Cuñas y  Menciones- TV
account_account_template_4_20_02,4.20.02,Cuñas y Menciones - Radio ,,income,,Cuñas y Menciones - Radio 
account_account_template_4_20_03,4.20.03,Cuñas y Menciones - MIT,,income,,Cuñas y Menciones - MIT
account_account_template_4_20_04,4.20.04,Cuñas y Menciones - TD+,,income,,Cuñas y Menciones - TD+
account_account_template_4_25_01,4.25.01,Redes Scociales - TV,,income,,Redes Scociales - TV
account_account_template_4_25_02,4.25.02,Redes Sociales - Radio,,income,,Redes Sociales - Radio
account_account_template_4_25_03,4.25.03,Redes Sociales - MIT,,income,,Redes Sociales - MIT
account_account_template_4_25_04,4.25.04,Redes Sociales - TD+,,income,,Redes Sociales - TD+
account_account_template_4_30_01,4.30.01,Medios Interactivos - Pagina Web,,income,,Medios Interactivos - Pagina Web
account_account_template_4_35_01,4.35.01,Venta a Terceros - Espacio para Programas,,income,,Venta a Terceros - Espacio para Programas
account_account_template_4_35_02,4.35.02,Venta a Terceros - Producción a Terceros,,income,,Venta a Terceros - Producción a Terceros
account_account_template_4_35_03,4.35.03,Venta a Terceros - Producción FUTV,,income,,Venta a Terceros - Producción FUTV
account_account_template_4_35_04,4.35.04,Venta a Terceros - Derechos para FUTV,,income,,Venta a Terceros - Derechos para FUTV
account_account_template_4_35_05,4.35.05,Venta a Terceros - Alquiler de Equipos y Otros,,income,,Venta a Terceros - Alquiler de Equipos y Otros
account_account_template_4_35_06,4.35.06,Venta a Terceros - Derechos de Transmisión,,income,,Venta a Terceros - Derechos de Transmisión
account_account_template_4_35_07,4.35.07,Venta a Terceros - Serv. Taller Mecánico a Terceros,,income,,Venta a Terceros - Serv. Taller Mecánico a Terceros
account_account_template_4_35_08,4.35.08,Venta a Terceros - Serv. de Comunicación,,income,,Venta a Terceros - Serv. de Comunicación
account_account_template_4_35_09,4.35.09,Venta a Terceros - Premiación,,income,,Venta a Terceros - Premiación
account_account_template_4_35_10,4.35.10,Venta a Terceros - Artículos Varios,,income,,Venta a Terceros - Artículos Varios
account_account_template_4_35_11,4.35.11,Venta a Terceros - El Trencito,,income,,Venta a Terceros - El Trencito
account_account_template_4_35_12,4.35.12,Venta a Terceros - El Trencito (Descuentos),,income,,Venta a Terceros - El Trencito (Descuentos)
account_account_template_4_35_12,4.35.12,Venta a Terceros - Contenido,,income,,Venta a Terceros - Contenido
account_account_template_4_40_01,4.40.01,TD+ Entretenimiento - Suscripción,,income,,TD+ Entretenimiento - Suscripción
account_account_template_4_45_01,4.45.01,Alquiler de Propiedades,,income,,Alquiler de Propiedades
account_account_template_4_45_02,4.45.02,Cuota Mantenimiento,,income,,Cuota Mantenimiento
account_account_template_4_50,4.50,Gestión Administrativa Financiera ,,income_other,,Gestión Administrativa Financiera 
account_account_template_5_10_01,5.10.01,Costo de Ventas - Costos de Producción,,expense_direct_cost,,Costo de Ventas - Costos de Producción
account_account_template_5_10_02,5.10.02,Costo de Ventas - Costos de Exhibición,,expense_direct_cost,,Costo de Ventas - Costos de Exhibición
account_account_template_5_10_03,5.10.03,Costo de Ventas - Costos de Exhibición  FUTV,,expense_direct_cost,,Costo de Ventas - Costos de Exhibición  FUTV
account_account_template_5_10_04,5.10.04,Costo de Ventas - Transmisión Vía Satélite,,expense_direct_cost,,Costo de Ventas - Transmisión Vía Satélite
account_account_template_5_10_05,5.10.05,Costo de Ventas - Transporte e Interconexion de Datos,,expense_direct_cost,,Costo de Ventas - Transporte e Interconexion de Datos
account_account_template_5_10_06,5.10.06,Costo de Ventas - Der. Uso Marcas Comerciales y Licencias,,expense_direct_cost,,Costo de Ventas - Der. Uso Marcas Comerciales y Licencias
account_account_template_5_10_07,5.10.07,Costo de Ventas - Costo Articulos de Tienda,,expense_direct_cost,,Costo de Ventas - Costo Articulos de Tienda
account_account_template_5_10_08,5.10.08,Costo de Ventas - Servicio Noticioso,,expense_direct_cost,,Costo de Ventas - Servicio Noticioso
account_account_template_5_10_09,5.10.09,Costo de Ventas - Servicio de Contenido,,expense_direct_cost,,Costo de Ventas - Servicio de Contenido
account_account_template_5_10_10,5.10.10,Costo de Ventas -Servicios Taller Mecánico a Terceros,,expense_direct_cost,,Costo de Ventas -Servicios Taller Mecánico a Terceros
account_account_template_6_10_01,6.10.01,Salarios Ordinarios,,expense,,Salarios Ordinarios
account_account_template_6_10_02,6.10.02,Salarios Extraordinarios,,expense,,Salarios Extraordinarios
account_account_template_6_10_03,6.10.03,Comisiones,,expense,,Comisiones
account_account_template_6_10_04,6.10.04,Subsidio por Incapacidad,,expense,,Subsidio por Incapacidad
account_account_template_6_10_05,6.10.05,Cargas Sociales,,expense,,Cargas Sociales
account_account_template_6_10_06,6.10.06,INS - Póliza RT,,expense,,INS - Póliza RT
account_account_template_6_10_07,6.10.07,Vacaciones,,expense,,Vacaciones
account_account_template_6_10_08,6.10.08,Aguinaldo,,expense,,Aguinaldo
account_account_template_6_10_09,6.10.09,Aguinaldo Adicional,,expense,,Aguinaldo Adicional
account_account_template_6_10_10,6.10.10,Preaviso,,expense,,Preaviso
account_account_template_6_10_11,6.10.11,Cesantía,,expense,,Cesantía
account_account_template_6_10_12,6.10.12,Bonificaciones,,expense,,Bonificaciones
account_account_template_6_15_01,6.15.01,Cuotas asoteletica,,expense,,Cuotas asoteletica
account_account_template_6_15_02,6.15.02,Capacitación,,expense,,Capacitación
account_account_template_6_15_03,6.15.03,Becas,,expense,,Becas
account_account_template_6_15_04,6.15.04,Uniformes,,expense,,Uniformes
account_account_template_6_15_05,6.15.05,Obsequios y Regalías,,expense,,Obsequios y Regalías
account_account_template_6_15_06,6.15.06,Plan Colect Pension Complement.,,expense,,Plan Colect Pension Complement.
account_account_template_6_15_07,6.15.07,Gratificaciones,,expense,,Gratificaciones
account_account_template_6_15_08,6.15.08,Acuerdos Especiales,,expense,,Acuerdos Especiales
account_account_template_6_15_09,6.15.09,Productos Alimenticios,,expense,,Productos Alimenticios
account_account_template_6_15_10,6.15.10,Cafetería,,expense,,Cafetería
account_account_template_6_20_01,6.20.01,Alimentación,,expense,,Alimentación
account_account_template_6_20_02,6.20.02,Hospedaje,,expense,,Hospedaje
account_account_template_6_20_03,6.20.03,Transporte,,expense,,Transporte
account_account_template_6_25_01,6.25.01,Alimentación,,expense,,Alimentación
account_account_template_6_25_02,6.25.02,Hospedaje,,expense,,Hospedaje
account_account_template_6_25_03,6.25.03,Transporte,,expense,,Transporte
account_account_template_6_30_01,6.30.01,Alimentación,,expense,,Alimentación
account_account_template_6_30_02,6.30.02,Hospedaje,,expense,,Hospedaje
account_account_template_6_30_03,6.30.03,Transporte,,expense,,Transporte
account_account_template_6_30_04,6.30.04,Otros - Terceros,,expense,,Otros - Terceros
account_account_template_6_35_01,6.35.01,Diseño y Producción de Publicidad,,expense,,Diseño y Producción de Publicidad
account_account_template_6_35_02,6.35.02,Publicidad Señales Externas,,expense,,Publicidad Señales Externas
account_account_template_6_40_01,6.40.01,Artistas Invitados,,expense,,Artistas Invitados
account_account_template_6_40_02,6.40.02,Actores - Actrices,,expense,,Actores - Actrices
account_account_template_6_40_03,6.40.03,Animador de Público,,expense,,Animador de Público
account_account_template_6_40_04,6.40.04,Musicos y Arreglos Musicales,,expense,,Musicos y Arreglos Musicales
account_account_template_6_40_05,6.40.05,Asesores Artísticos,,expense,,Asesores Artísticos
account_account_template_6_40_06,6.40.06,Bailarines,,expense,,Bailarines
account_account_template_6_40_07,6.40.07,Jurados de Programa,,expense,,Jurados de Programa
account_account_template_6_40_08,6.40.08,Maquilladores,,expense,,Maquilladores
account_account_template_6_40_09,6.40.09,Modelos,,expense,,Modelos
account_account_template_6_40_10,6.40.10,Participantes,,expense,,Participantes
account_account_template_6_40_11,6.40.11,Peluqueros,,expense,,Peluqueros
account_account_template_6_40_12,6.40.12,Premiaciones y Trofeos,,expense,,Premiaciones y Trofeos
account_account_template_6_40_13,6.40.13,Profesores Artísticos,,expense,,Profesores Artísticos
account_account_template_6_40_14,6.40.14,Servicios Fotográficos,,expense,,Servicios Fotográficos
account_account_template_6_40_15,6.40.15,Vestuarios,,expense,,Vestuarios
account_account_template_6_40_16,6.40.16,Transportes para Programas,,expense,,Transportes para Programas
account_account_template_6_40_17,6.40.17,Guionista,,expense,,Guionista
account_account_template_6_40_18,6.40.18,Comediante,,expense,,Comediante
account_account_template_6_40_19,6.40.19,Director de Arte,,expense,,Director de Arte
account_account_template_6_40_20,6.40.20,Presentadores,,expense,,Presentadores
account_account_template_6_40_21,6.40.21,Freelance,,expense,,Freelance
account_account_template_6_40_22,6.40.22,Servicios administrativos Teletica Holdings,,expense,,Servicios administrativos Teletica Holdings
account_account_template_6_40_23,6.40.23,Servicios Internos de Producción,,expense,,Servicios Internos de Producción
account_account_template_6_40_24,6.40.24,Servicios Recibidos - Relacionadas,,expense,,Servicios Recibidos - Relacionadas
account_account_template_6_40_25,6.40.25,Servicios Médicos y Relacionados,,expense,,Servicios Médicos y Relacionados
account_account_template_6_40_26,6.40.26,Servicios de Limpieza,,expense,,Servicios de Limpieza
account_account_template_6_40_27,6.40.27,Servicios de Seguridad,,expense,,Servicios de Seguridad
account_account_template_6_40_28,6.40.28,Honorarios Profesionales,,expense,,Honorarios Profesionales
account_account_template_6_45_01,6.45.01,Suscripciones y Cuotas,,expense,,Suscripciones y Cuotas
account_account_template_6_45_02,6.45.02,Suscripciones TI,,expense,,Suscripciones TI
account_account_template_6_45_03,6.45.03,Correo y Encomiendas,,expense,,Correo y Encomiendas
account_account_template_6_50_01,6.50.01,Equipo Electrónico y Audiovisual,,expense,,Equipo Electrónico y Audiovisual
account_account_template_6_50_02,6.50.02,Grúas / Vehículos,,expense,,Grúas / Vehículos
account_account_template_6_50_03,6.50.03,Locales Comerciales,,expense,,Locales Comerciales
account_account_template_6_50_04,6.50.04,Equipo  y Mobiliario,,expense,,Equipo  y Mobiliario
account_account_template_6_50_05,6.50.05,Plantas Eléctricas,,expense,,Plantas Eléctricas
account_account_template_6_55_01,6.55.01,Activos No Capitalizables,,expense,,Activos No Capitalizables
account_account_template_6_55_02,6.55.02,Equipo Menor Almacenamiento de Datos,,expense,,Equipo Menor Almacenamiento de Datos
account_account_template_6_55_03,6.55.03,Herramientas Pequeñas,,expense,,Herramientas Pequeñas
account_account_template_6_55_04,6.55.04,Implementos de Cocina,,expense,,Implementos de Cocina
account_account_template_6_55_05,6.55.05,Materiales de Escenografía,,expense,,Materiales de Escenografía
account_account_template_6_55_06,6.55.06,Materiales para Equipo de Cómputo,,expense,,Materiales para Equipo de Cómputo
account_account_template_6_55_07,6.55.07,Materiales y Equipo de Iluminación,,expense,,Materiales y Equipo de Iluminación
account_account_template_6_55_08,6.55.08,Papelería y Utiles de Oficina,,expense,,Papelería y Utiles de Oficina
account_account_template_6_55_09,6.55.09,Suministros de Fotografía,,expense,,Suministros de Fotografía
account_account_template_6_55_10,6.55.10,Suministros de Limpieza,,expense,,Suministros de Limpieza
account_account_template_6_55_11,6.55.11,Suministros de Maquillaje,,expense,,Suministros de Maquillaje
account_account_template_6_55_12,6.55.12,Suministros de Seguridad,,expense,,Suministros de Seguridad
account_account_template_6_55_13,6.55.13,Utilería,,expense,,Utilería
account_account_template_6_55_14,6.55.14,Suministro de Combustible y lubricantes,,expense,,Suministro de Combustible y lubricantes
account_account_template_6_55_15,6.55.15,Suministro de Gas LP,,expense,,Suministro de Gas LP
account_account_template_6_60_01,6.60.01,Energía Eléctrica,,expense,,Energía Eléctrica
account_account_template_6_60_02,6.60.02,"Servicio Telefónico, Fax,  Internet y TV",,expense,,"Servicio Telefónico, Fax,  Internet y TV"
account_account_template_6_60_03,6.60.03,Servicio de Agua,,expense,,Servicio de Agua
account_account_template_6_65_01,6.65.01,Mant. Edificio,,expense,,Mant. Edificio
account_account_template_6_65_02,6.65.02,Mant. Mobiliario y Equipo de Oficina,,expense,,Mant. Mobiliario y Equipo de Oficina
account_account_template_6_65_03,6.65.03,Mant. Equipo de Computo,,expense,,Mant. Equipo de Computo
account_account_template_6_65_04,6.65.04,Mant. Vehículos,,expense,,Mant. Vehículos
account_account_template_6_65_05,6.65.05,Mant. Equipo Electrónico,,expense,,Mant. Equipo Electrónico
account_account_template_6_65_06,6.65.06,Mant. Zonas Verdes,,expense,,Mant. Zonas Verdes
account_account_template_6_65_07,6.65.07,Mant. Equipo de Comunicación,,expense,,Mant. Equipo de Comunicación
account_account_template_6_65_08,6.65.08,Mant. Equipo de Aire Acondicionado,,expense,,Mant. Equipo de Aire Acondicionado
account_account_template_6_65_09,6.65.09,Mant.Equipo Audiovisual,,expense,,Mant.Equipo Audiovisual
account_account_template_6_65_10,6.65.10,Mant. Equipo de Respaldo Eléctrico,,expense,,Mant. Equipo de Respaldo Eléctrico
account_account_template_6_70_01,6.70.01,Seguros - Derechos Circulación y Otros - Vehículos / Aeronav,,expense,,Seguros - Derechos Circulación y Otros - Vehículos / Aeronav
account_account_template_6_70_02,6.70.02,Seguros - Todo Riesgo y Umbrella,,expense,,Seguros - Todo Riesgo y Umbrella
account_account_template_6_70_03,6.70.03,Reguros - Responsabilidad Civil,,expense,,Reguros - Responsabilidad Civil
account_account_template_6_70_04,6.70.04,Seguros - Gastos Médicos y Póliza Vida Colectiva,,expense,,Seguros - Gastos Médicos y Póliza Vida Colectiva
account_account_template_6_70_05,6.70.05,Seguros - Básica Accidentes,,expense,,Seguros - Básica Accidentes
account_account_template_6_70_06,6.70.06,Seguros - Seguro Equipos,,expense,,Seguros - Seguro Equipos
account_account_template_6_75_01,6.75.01,Comisiones - Publicistas,,expense,,Comisiones - Publicistas
account_account_template_6_75_02,6.75.02,Comisiones - Recaudadores y Otros,,expense,,Comisiones - Recaudadores y Otros
account_account_template_6_75_03,6.75.03,Comisiones - Volumen,,expense,,Comisiones - Volumen
account_account_template_7_10_01,7.10.01,Depreciación Edificios,,expense_depreciation,,Depreciación Edificios
account_account_template_7_10_03,7.10.03,Depreciación Equipo Electrónico,,expense_depreciation,,Depreciación Equipo Electrónico
account_account_template_7_10_04,7.10.04,Depreciación Maquinaria,,expense_depreciation,,Depreciación Maquinaria
account_account_template_7_10_05,7.10.05,Depreciación mobiliario y equipo,,expense_depreciation,,Depreciación mobiliario y equipo
account_account_template_7_10_06,7.10.06,Depreciación Vehículos,,expense_depreciation,,Depreciación Vehículos
account_account_template_7_10_07,7.10.07,Depreciación Equipo y Herramientas,,expense_depreciation,,Depreciación Equipo y Herramientas
account_account_template_7_10_08,7.10.08,Deterioro de Activos,,expense_depreciation,,Deterioro de Activos
account_account_template_7_10_09,7.10.09,Deterioro Propiedades de Inversión,,expense_depreciation,,Deterioro Propiedades de Inversión
account_account_template_7_10_10,7.10.10,Depreciación Propiedades Inversión,,expense_depreciation,,Depreciación Propiedades Inversión
account_account_template_7_10_11,7.10.11,Depreciación Activo por Derecho de Uso (arrendamientos),,expense_depreciation,,Depreciación Activo por Derecho de Uso (arrendamientos)
account_account_template_7_20_01,7.20.01,Patentes Municipales,,expense,,Patentes Municipales
account_account_template_7_20_02,7.20.02,Bienes Inmuebles,,expense,,Bienes Inmuebles
account_account_template_7_20_03,7.20.03,Timbres y Especies Fiscales,,expense,,Timbres y Especies Fiscales
account_account_template_7_20_04,7.20.04,Telecomunicaciones,,expense,,Telecomunicaciones
account_account_template_7_30_01,7.30.01,Amortización Mejoras a Propiedad Arrendada,,expense,,Amortización Mejoras a Propiedad Arrendada
account_account_template_7_30_02,7.30.02,Amortización Intangibles,,expense,,Amortización Intangibles
account_account_template_8_10_01,8.10.01,Ingresos Financieros - Multas e Intereses,,expense,,Ingresos Financieros - Multas e Intereses
account_account_template_8_10_02,8.10.02,Ingresos Financieros - Comisiones Recibidas,,expense,,Ingresos Financieros - Comisiones Recibidas
account_account_template_0_income_currency_exchange_account,8.10.03,Ingresos Financieros - Fluctuaciones de Cambio,,expense,,Ingresos Financieros - Fluctuaciones de Cambio
account_account_template_8_10_04,8.10.04,Ingresos Financieros - Descuento por Pronto Pago,,expense,,Ingresos Financieros - Descuento por Pronto Pago
account_account_template_8_20_01,8.20.01,Otros Ingresos - Sobrantes de Caja y Otros,,income_other,,Otros Ingresos - Sobrantes de Caja y Otros
account_account_template_8_20_02,8.20.02,Otros Ingresos - Diversos,,income_other,,Otros Ingresos - Diversos
account_account_template_8_20_03,8.20.03,Otros Ingresos - Periodos Anteriores,,income_other,,Otros Ingresos - Periodos Anteriores
account_account_template_8_20_04,8.20.04,Otros Ingresos - Ganancia Venta de Activos,,income_other,,Otros Ingresos - Ganancia Venta de Activos
account_account_template_8_20_05,8.20.05,Ingresos No Gravables - Ganancia Descarte de Activos,,income_other,,Ingresos No Gravables - Ganancia Descarte de Activos
account_account_template_8_20_06,8.20.06,Otros Ingresos - Cobro de reembolsos a relacionadas,,income_other,,Otros Ingresos - Cobro de reembolsos a relacionadas
account_account_template_8_20_07,8.20.07,Otros Ingresos - Servicios a relacionadas,,income_other,,Otros Ingresos - Servicios a relacionadas
account_account_template_8_30_01,8.30.01,Ingresos No Gravables - Disposición de Activos,,income_other,,Ingresos No Gravables - Disposición de Activos
account_account_template_8_30_02,8.30.02,Ingresos No Gravables - Dividendos,,income_other,,Ingresos No Gravables - Dividendos
account_account_template_8_30_03,8.30.03,Ingreso Impuesto Renta Diferido,,income_other,,Ingreso Impuesto Renta Diferido
account_account_template_8_30_04,8.30.04,Ingresos No Gravables - Ganancia en Inversión de Acciones,,income_other,,Ingresos No Gravables - Ganancia en Inversión de Acciones
account_account_template_8_30_05,8.30.05,Ingresos No Gravables - Ganancia Venta de PDI,,income_other,,Ingresos No Gravables - Ganancia Venta de PDI
account_account_template_8_30_06,8.30.06,Ingresos No Gravables - Ganancia Descarte de Activos,,income_other,,Ingresos No Gravables - Ganancia Descarte de Activos
account_account_template_9_10_01,9.10.01,Gastos Financieros - Intereses,,expense,,Gastos Financieros - Intereses
account_account_template_9_10_02,9.10.02,Gastos Financieros - Comisiones Bancarias,,expense,,Gastos Financieros - Comisiones Bancarias
account_account_template_0_expense_currency_exchange_account,9.10.03,Gastos Financieros - Fluctuaciones de Cambio,,expense,,Gastos Financieros - Fluctuaciones de Cambio
account_account_template_9_10_04,9.10.04,Gastos Financieros - Descuentos por Pronto Pago,,expense,,Gastos Financieros - Descuentos por Pronto Pago
account_account_template_9_10_05,9.10.05,Gastos Financieros - Fluctuaciones de Cambio no Realizadas,,expense,,Gastos Financieros - Fluctuaciones de Cambio no Realizadas
account_account_template_9_10_06,9.10.06,Gastos Financieros - Intereses Pasivo por Arrendamiento,,expense,,Gastos Financieros - Intereses Pasivo por Arrendamiento
account_account_template_9_20_01,9.20.01,Otros Gastos - Donaciones Gravables,,expense,,Otros Gastos - Donaciones Gravables
account_account_template_9_20_02,9.20.02,Otros Gastos - Pérdida por Incobrables,,expense,,Otros Gastos - Pérdida por Incobrables
account_account_template_9_20_03,9.20.03,Otros Gastos - Venta de Activos,,expense,,Otros Gastos - Venta de Activos
account_account_template_9_20_04,9.20.04,Otros Gastos - Descarte de Activos,,expense,,Otros Gastos - Descarte de Activos
account_account_template_9_20_05,9.20.05,Otros Gastos - Disposición de Activos,,expense,,Otros Gastos - Disposición de Activos
account_account_template_9_20_06,9.20.06,Otros Gastos - Faltantes de Caja y Otros,,expense,,Otros Gastos - Faltantes de Caja y Otros
account_account_template_9_20_07,9.20.07,Otros Gastos - IVA No Soportado - Distribuible,,expense,,Otros Gastos - IVA No Soportado - Distribuible
account_account_template_9_20_08,9.20.08,Deterioro Valor del Inventario,,expense,,Deterioro Valor del Inventario
account_account_template_9_20_09,9.20.09,Otros Gastos - Diversos,,expense,,Otros Gastos - Diversos
account_account_template_9_20_10,9.20.10,Otros Gastos - Cobro de reembolsos de relacionadas,,expense,,Otros Gastos - Cobro de reembolsos de relacionadas
account_account_template_9_20_11,9.20.11,Otros Gastos - Servicios a relacionadas,,expense,,Otros Gastos - Servicios a relacionadas
account_account_template_9_20_12,9.20.12,Deterioro de Activos,,expense,,Deterioro de Activos
account_account_template_9_20_13,9.20.13,Deterioro Propiedades de Inversión,,expense,,Deterioro Propiedades de Inversión
account_account_template_9_30_01,9.30.01,Gastos No Deducibles - Impuestos,,expense,,Gastos No Deducibles - Impuestos
account_account_template_9_30_02,9.30.02,Gastos No Deducibles - Remesas al Exterior,,expense,,Gastos No Deducibles - Remesas al Exterior
account_account_template_0_account_expense_categ,9.30.03,Gastos No Deducibles - Otros,,expense,,Gastos No Deducibles - Otros
account_account_template_9_30_04,9.30.04,Gastos No Deducibles - Disposición de Activos,,expense,,Gastos No Deducibles - Disposición de Activos
account_account_template_9_30_05,9.30.05,Gastos No Deducibles - Venta de Activos,,expense,,Gastos No Deducibles - Venta de Activos
account_account_template_9_30_06,9.30.06,Gastos No Deducibles - Descarte de Activos,,expense,,Gastos No Deducibles - Descarte de Activos
account_account_template_9_30_07,9.30.07,Gastos No Deducibles - Multas y Recargos impuestos,,expense,,Gastos No Deducibles - Multas y Recargos impuestos
account_account_template_9_30_08,9.30.08,Gastos No Deducibles - Impuesto Ganancias Capital,,expense,,Gastos No Deducibles - Impuesto Ganancias Capital
account_account_template_9_30_09,9.30.09,Gastos No Deducibles - Impuesto a las personas jurídicas,,expense,,Gastos No Deducibles - Impuesto a las personas jurídicas
account_account_template_9_4_01,9.4.01,Impuesto Sobre la Renta del Periodo,,expense,,Impuesto Sobre la Renta del Periodo
account_account_template_9_4_02,9.4.02,Impuesto Sobre la Renta Diferido,,expense,,Impuesto Sobre la Renta Diferido
account_account_template_9_4_03,9.4.03,Impuesto Sobre la Renta Inmobiliaria,,expense,,Impuesto Sobre la Renta Inmobiliaria
